{
  "best_model": "Random Forest",
  "random_forest": {
    "params": {
      "max_depth": 15,
      "min_samples_leaf": 1,
      "min_samples_split": 5,
      "n_estimators": 200
    },
    "filename": "rf_n200_d15_split5_leaf1.pkl",
    "rmse": 12.354812947823282,
    "r2": 0.1071179669643953,
    "cv_r2": 0.08765021752141981
  },
  "xgboost": {
    "params": {
      "subsample": 0.7,
      "n_estimators": 100,
      "max_depth": 10,
      "learning_rate": 0.05,
      "colsample_bytree": 0.7
    },
    "filename": "xgb_n100_d10_lr0.05_sub0.7_col0.7.pkl",
    "rmse": 12.507522150752422,
    "r2": 0.08442631363868713,
    "cv_r2": 0.035907661588862536
  },
  "input_courses": [
    "M1100",
    "M1101",
    "M1102",
    "PHYS100",
    "PHYS101",
    "I1100",
    "P1101",
    "S1101",
    "P1100",
    "M1103",
    "M1104",
    "M1105",
    "M1106",
    "M1107",
    "I1101",
    "I2202",
    "I2204",
    "I2205",
    "M2251",
    "M2250",
    "I2201",
    "I2203",
    "S2250",
    "I2206",
    "I2207",
    "I2208",
    "I2209",
    "I2210",
    "I2211",
    "I2234"
  ],
  "output_courses": [
    "DRH300",
    "I3301",
    "I3302",
    "I3303",
    "I3304",
    "I3305",
    "I3350",
    "I3306",
    "L3300",
    "I3308",
    "I3330",
    "I3331",
    "I3332",
    "I3344",
    "I3307",
    "I3340",
    "I3333"
  ]
}